crime_rate,resid_area,air_qual,room_num,age,dist1,dist2,dist3,dist4,teachers,poor_prop,airport,n_hos_beds,n_hot_rooms,waterbody,rainfall,parks,price
0.09103,32.46,0.488,7.155,92.2,2.72,2.65,2.92,2.5,22.2,4.82,YES,9.258,15.3032,River,56,0.04296,37.9
3.53501,49.58,0.871,6.152,82.6,1.88,1.45,1.92,1.74,25.3,15.02,NO,9.912,11.1248,River,37,0.086711,15.6
0.03578,33.33,0.4429,7.82,64.5,4.98,4.67,4.84,4.29,25.1,3.76,NO,7.108,10.3632,,50,0.041951,45.4
0.38735,55.65,0.581,5.613,95.6,1.93,1.52,1.8,1.77,20.9,27.26,NO,7.714,10.1256,Lake,42,0.063462,15.7
0.06724,33.24,0.46,6.333,17.2,5.36,5.08,5.45,4.97,23.1,7.34,NO,5.552,14.1808,,53,0.045172,22.6
1.35472,38.14,0.538,6.072,100.0,4.39,4.06,4.48,3.77,19.0,13.04,YES,9.29,12.116,,23,0.052254,14.5
0.22212,40.01,0.547,6.092,95.4,2.59,2.25,2.55,2.8,22.2,17.09,YES,10.074,10.1496,River,59,0.060331,18.7
2.33099,49.58,0.871,5.186,93.8,1.58,1.23,1.6,1.72,25.3,28.32,NO,9.856,14.1424,Lake,43,0.08379,17.8
6.44405,48.1,0.584,6.425,74.8,2.4,1.92,2.34,2.14,19.8,12.03,YES,8.722,10.1288,,42,0.053705,16.1
0.03306,35.19,0.515,6.059,37.3,4.91,4.52,5.07,4.75,19.8,8.51,YES,8.112,14.1648,River,26,0.05346,20.6
0.01432,31.32,0.411,6.816,40.5,8.63,8.28,8.37,8.02,24.9,3.95,YES,7.432,15.2528,Lake,45,0.042595,31.6
0.01439,32.93,0.401,6.604,18.8,6.51,6.03,6.46,5.88,24.4,4.38,NO,9.282,14.2328,River,59,0.048833,29.1
0.75026,38.14,0.538,5.924,94.1,4.69,4.07,4.72,4.12,19.0,16.3,YES,8.212,13.1248,Lake,27,0.050109,15.6
0.7842,38.14,0.538,5.99,81.7,4.56,4.15,4.36,3.97,19.0,14.67,NO,5.45,11.14,Lake,56,0.054785,17.5
0.06466,32.24,0.4,6.345,20.1,8.0,7.67,8.03,7.61,25.2,4.97,NO,9.45,13.18,Lake,48,0.036878,22.5
0.04379,33.37,0.398,5.787,31.1,6.7,6.44,6.84,6.46,23.9,10.24,NO,8.988,11.1552,Lake and River,44,0.047876,19.4
0.37578,40.59,0.489,5.404,88.6,3.99,3.41,3.8,3.46,21.4,23.98,NO,5.986,14.1544,River,39,0.048873,19.3
41.5292,48.1,0.693,5.531,85.4,1.9,1.56,1.63,1.34,19.8,27.38,NO,8.47,11.068,,56,0.06147,8.5
0.04294,45.04,0.464,6.249,77.3,3.81,3.34,3.92,3.39,21.8,10.59,NO,5.712,13.1648,Lake and River,54,0.04646,20.6
1.41385,49.58,0.871,6.129,96.0,1.77,1.47,1.97,1.78,25.3,15.12,NO,7.44,15.136,Lake and River,48,0.080516,17.0
9.72418,48.1,0.74,6.406,97.2,2.33,1.97,2.16,1.81,19.8,19.52,YES,9.242,15.1368,Lake and River,58,0.077408,17.1
0.98843,38.14,0.538,5.813,100.0,4.35,3.98,4.13,3.92,19.0,19.88,YES,7.49,13.116,Lake,29,0.052609,14.5
0.52693,36.2,0.504,8.725,83.0,3.13,2.61,2.95,2.88,22.6,4.63,YES,7.5,13.4,River,20,0.056994,50.0
5.58107,48.1,0.713,6.436,87.9,2.34,2.23,2.4,2.3,19.8,16.22,NO,6.186,10.1144,Lake and River,46,0.0614,14.3
9.92485,48.1,0.74,6.251,96.6,2.51,2.01,2.23,2.04,19.8,16.44,YES,9.752,11.1008,,37,0.064951,12.6
0.02985,32.18,0.458,6.43,58.7,6.22,5.8,6.23,5.99,21.3,5.21,YES,7.174,14.2296,,53,0.04591,28.7
0.13158,40.01,0.547,6.176,72.5,2.93,2.71,3.0,2.28,22.2,12.04,NO,6.524,13.1696,,23,0.052774,21.2
0.17142,36.91,0.448,5.682,33.8,5.23,4.95,5.21,5.02,22.1,10.21,NO,8.086,11.1544,River,21,0.044496,19.3
1.05393,38.14,0.538,5.935,29.3,4.66,4.39,4.52,4.43,19.0,6.58,NO,5.462,10.1848,,46,0.054699,23.1
15.5757,48.1,0.58,5.926,71.0,2.96,2.9,3.12,2.66,19.8,18.13,NO,5.882,15.1528,,28,0.04937,19.1
4.54192,48.1,0.77,6.398,88.0,2.73,2.42,2.69,2.23,19.8,7.79,NO,8.8,10.2,,37,0.067258,25.0
0.03237,32.18,0.458,6.998,45.8,6.21,5.93,6.16,5.96,21.3,2.94,YES,9.268,11.2672,Lake,45,0.047151,33.4
67.9208,48.1,0.693,5.683,100.0,1.53,1.19,1.44,1.54,19.8,22.98,YES,7.3,14.04,River,38,0.065308,5.0
0.06047,32.46,0.488,6.153,68.8,3.43,3.05,3.5,3.14,22.2,13.15,YES,8.192,11.2368,Lake,45,0.046596,29.6
0.14932,35.13,0.453,5.741,66.2,7.33,7.16,7.53,6.88,20.3,13.15,NO,7.974,11.1496,River,30,0.043823,18.7
0.10793,38.56,0.52,6.195,54.4,3.05,2.6,3.04,2.42,19.1,13.0,YES,6.934,10.1736,,37,0.045227,21.7
0.18159,37.38,0.493,6.376,54.3,4.85,4.38,4.81,4.12,20.4,6.87,YES,7.762,14.1848,Lake,40,0.046928,23.1
0.76162,33.97,0.647,5.56,62.8,2.1,1.97,2.06,1.81,27.0,10.45,NO,7.456,13.1824,,59,0.058891,22.8
1.00245,38.14,0.538,6.674,87.3,4.53,3.94,4.36,4.13,19.0,11.98,NO,9.02,12.168,River,50,0.04877,21.0
0.52014,33.97,0.647,8.398,91.5,2.55,2.04,2.39,2.17,27.0,5.91,YES,10.076,15.3904,River,24,0.055131,48.8
10.233,48.1,0.614,6.185,96.7,2.29,1.98,2.36,2.05,19.8,18.03,YES,5.292,15.1168,Lake,60,0.065218,14.6
0.67191,38.14,0.538,5.813,90.3,4.94,4.59,4.71,4.49,19.0,14.81,NO,9.732,12.1328,Lake,59,0.047533,16.6
0.14455,37.87,0.524,6.172,96.1,6.04,5.85,6.25,5.66,24.8,19.15,NO,5.842,12.1768,Lake,56,0.057075,22.1
0.11132,57.74,0.609,5.983,83.5,2.25,1.82,2.12,2.24,19.9,13.35,YES,8.902,13.1608,River,57,0.062228,20.1
0.12802,38.56,0.52,6.474,97.1,2.72,2.18,2.54,2.3,19.1,12.27,NO,8.596,10.1584,Lake and River,48,0.050115,19.8
0.08014,35.96,0.499,5.85,41.5,3.98,3.75,4.12,3.89,20.8,8.77,YES,8.12,10.168,River,21,0.050975,21.0
1.22358,49.58,0.605,6.943,97.4,1.99,1.76,1.92,1.84,25.3,4.59,YES,8.226,13.3304,,57,0.054814,41.3
3.56868,48.1,0.58,6.437,75.0,3.04,2.63,3.01,2.9,19.8,14.36,YES,8.464,15.1856,Lake and River,39,0.063409,23.2
0.13058,40.01,0.547,5.872,73.1,2.8,2.27,2.62,2.22,22.2,15.37,YES,8.008,14.1632,River,40,0.056589,20.4
0.14231,40.01,0.547,6.254,84.2,2.54,2.14,2.29,2.05,22.2,10.45,NO,6.67,12.148,Lake and River,39,0.05698,18.5
0.06664,34.05,0.51,6.546,33.1,3.22,2.91,3.21,3.18,23.4,5.33,YES,6.188,12.2352,,48,0.05084,29.4
0.08664,33.44,0.437,7.178,26.3,6.76,6.34,6.6,6.21,24.8,2.87,YES,10.528,11.2912,Lake,40,0.044716,36.4
0.1146,36.96,0.464,6.538,58.7,4.01,3.63,4.12,3.91,21.4,7.73,YES,8.488,13.1952,River,40,0.043964,24.4
2.77974,49.58,0.871,4.903,97.8,1.48,1.08,1.55,1.27,25.3,29.29,YES,6.636,13.0944,River,52,0.079429,11.8
11.1081,48.1,0.668,4.906,100.0,1.48,0.99,1.28,0.95,19.8,34.77,YES,6.876,13.1104,,56,0.061022,13.8
7.99248,48.1,0.7,5.52,100.0,1.71,1.33,1.72,1.38,19.8,24.56,NO,6.746,15.0984,Lake,41,0.070122,12.3
8.98296,48.1,0.77,6.212,97.4,2.16,1.81,2.43,2.09,19.8,17.6,NO,5.956,14.1424,,39,0.077295,17.8
0.06127,36.41,0.447,6.826,27.6,5.14,4.84,4.92,4.55,22.4,4.16,NO,6.262,11.2648,River,21,0.041668,33.1
0.35809,36.2,0.507,6.951,88.5,3.03,2.72,3.03,2.66,22.6,9.71,NO,8.734,11.2136,River,23,0.05354,26.7
6.71772,48.1,0.713,6.749,92.6,2.4,2.11,2.37,2.4,19.8,17.44,YES,9.068,13.1072,Lake,59,0.061322,13.4
1.62864,51.89,0.624,5.019,100.0,1.63,1.32,1.71,1.1,18.8,34.41,YES,9.988,12.1152,,43,0.056052,14.4
5.66998,48.1,0.631,6.683,96.8,1.55,1.28,1.65,0.94,19.8,3.73,YES,6.7,15.4,River,58,0.067477,50.0
0.05789,36.07,0.409,5.878,21.4,6.64,6.4,6.52,6.43,21.1,8.1,YES,7.14,13.176,River,29,0.040528,22.0
3.83684,48.1,0.77,6.251,91.1,2.58,1.98,2.3,2.32,19.8,14.19,YES,8.898,13.1592,River,56,0.073252,19.9
2.3004,49.58,0.605,6.319,96.1,2.29,2.04,2.24,1.83,25.3,11.1,NO,6.676,11.1904,,23,0.066262,23.8
0.17783,39.69,0.585,5.569,73.5,2.46,2.39,2.49,2.26,20.8,15.1,NO,9.85,14.14,Lake,47,0.063466,17.5
13.3598,48.1,0.693,5.887,94.7,1.99,1.54,2.06,1.54,19.8,16.35,NO,6.754,15.1016,,40,0.06539,12.7
25.0461,48.1,0.693,5.987,100.0,1.73,1.38,1.92,1.33,19.8,26.77,YES,9.212,11.0448,Lake,30,0.061735,5.6
0.02187,32.93,0.401,6.8,9.9,6.46,6.13,6.45,5.84,24.4,5.03,NO,6.822,13.2488,River,24,0.041103,31.1
0.19073,35.86,0.431,6.718,17.5,8.08,7.6,8.08,7.54,20.9,6.56,YES,9.324,11.2096,,39,0.044233,26.2
0.26363,38.56,0.52,6.229,91.2,2.57,2.28,2.88,2.45,19.1,15.55,YES,9.788,14.1552,,41,0.055474,19.4
11.0874,48.1,0.718,6.411,100.0,1.93,1.81,1.88,1.81,19.8,15.02,YES,6.034,13.1336,Lake and River,48,0.064851,16.7
2.37934,49.58,0.871,6.13,100.0,1.69,1.26,1.72,1.01,25.3,27.8,YES,7.776,10.1104,River,59,0.084516,13.8
0.04203,45.04,0.464,6.442,53.6,3.96,3.41,3.97,3.32,21.8,8.16,NO,9.158,14.1832,Lake,60,0.05175,22.9
1.12658,49.58,0.871,5.012,88.0,1.82,1.56,1.9,1.16,25.3,12.12,YES,5.406,10.1224,,46,0.085078,15.3
0.62356,36.2,0.507,6.879,77.7,3.41,3.21,3.38,3.09,22.6,9.93,YES,9.45,12.22,Lake and River,50,0.04684,27.5
0.05515,32.18,0.472,7.236,41.1,4.1,3.96,4.09,3.94,21.6,6.93,NO,6.922,10.2888,River,55,0.052321,36.1
0.03551,34.86,0.426,6.167,46.7,5.52,5.18,5.67,5.23,21.0,7.51,YES,7.558,10.1832,Lake,34,0.040449,22.9
0.16439,35.86,0.431,6.433,49.1,8.05,7.74,7.89,7.63,20.9,9.52,YES,8.39,15.196,River,43,0.049389,24.5
2.924,49.58,0.605,6.101,93.0,2.37,2.28,2.59,1.89,25.3,9.81,YES,10.0,12.2,River,22,0.053283,25.0
1.51902,49.58,0.605,8.375,93.9,2.26,1.94,2.4,2.05,25.3,3.32,YES,8.0,12.4,River,57,0.060273,50.0
0.0315,31.47,0.403,6.975,15.3,7.97,7.52,7.78,7.34,23.0,4.56,YES,7.998,13.2792,,24,0.041284,34.9
0.46296,36.2,0.504,7.412,76.9,3.88,3.34,3.87,3.6,22.6,5.25,YES,6.734,10.2536,,26,0.053928,31.7
0.07896,42.83,0.437,6.273,6.0,4.54,3.95,4.57,3.95,21.3,6.78,NO,7.882,10.1928,River,40,0.038894,24.1
0.79041,39.9,0.544,6.122,52.8,2.89,2.34,2.77,2.55,21.6,5.98,YES,8.242,15.1768,River,46,0.055734,22.1
4.75237,48.1,0.713,6.525,86.5,2.61,2.42,2.74,1.97,19.8,18.13,NO,7.782,14.1128,River,36,0.061926,14.1
0.36894,35.86,0.431,8.259,8.4,9.03,8.89,9.07,8.64,20.9,3.54,NO,10.856,13.3424,River,53,0.050873,42.8
0.14476,40.01,0.547,5.731,65.2,2.96,2.52,2.92,2.63,22.2,13.61,YES,10.186,11.1544,River,20,0.052908,19.3
0.00906,32.97,0.4,7.088,20.8,7.44,7.0,7.64,7.15,24.7,7.85,YES,7.844,12.2576,Lake and River,30,0.04234,32.2
0.09266,36.09,0.433,6.495,18.4,5.8,5.2,5.68,5.28,23.9,8.67,YES,7.928,11.2112,Lake and River,42,0.037263,26.4
2.81838,48.1,0.532,5.762,40.3,4.41,3.89,4.25,3.85,19.8,10.42,NO,9.636,14.1744,Lake and River,57,0.048222,21.8
3.8497,48.1,0.77,6.395,91.0,2.83,2.45,2.62,2.12,19.8,13.27,NO,7.034,13.1736,Lake,56,0.075544,21.7
24.8017,48.1,0.693,5.349,96.0,1.75,1.38,1.88,1.8,19.8,19.77,YES,,15.0664,River,40,0.067689,8.3
0.29819,36.2,0.504,7.686,17.0,3.55,3.3,3.61,3.05,22.6,3.92,YES,10.134,14.3736,Lake,43,0.054928,46.7
0.53412,33.97,0.647,7.52,89.4,2.4,2.0,2.15,2.0,27.0,7.26,YES,6.662,11.3448,Lake and River,24,0.065038,43.1
0.51183,36.2,0.507,7.358,71.6,4.24,3.82,4.33,4.2,22.6,4.73,YES,10.53,12.252,River,34,0.056108,31.5
24.3938,48.1,0.7,4.652,100.0,1.71,1.36,1.72,1.08,19.8,28.28,YES,7.71,15.084,River,34,0.059674,10.5
4.87141,48.1,0.614,6.484,93.6,2.58,2.3,2.48,1.85,19.8,18.68,YES,6.134,14.1336,River,22,0.056696,16.7
0.09744,35.96,0.499,5.841,61.4,3.39,3.28,3.62,3.22,20.8,11.41,NO,7.5,15.16,,39,0.045357,20.0
0.04011,31.52,0.404,7.287,34.1,7.58,7.2,7.51,6.95,27.4,4.08,YES,7.266,15.2664,Lake and River,20,0.036636,33.3
0.54452,51.89,0.624,6.151,97.9,1.91,1.59,1.68,1.49,18.8,18.46,YES,8.656,10.1424,Lake,29,0.059114,17.8
4.89822,48.1,0.631,4.97,100.0,1.47,1.11,1.52,1.23,19.8,3.26,NO,9.7,13.4,River,41,0.062356,50.0
0.19657,35.86,0.431,6.226,79.2,8.17,7.99,8.3,7.76,20.9,10.15,NO,9.81,12.164,River,31,0.046514,20.5
0.03871,35.32,0.405,6.209,31.3,7.45,7.2,7.58,7.05,23.4,7.14,YES,9.964,14.1856,Lake,60,0.043226,23.2
23.6482,48.1,0.671,6.38,96.2,1.52,1.22,1.53,1.27,19.8,23.69,YES,9.262,14.1048,Lake,54,0.063153,13.1
0.10328,35.13,0.453,5.927,47.2,7.26,6.68,7.1,6.68,20.3,9.22,YES,6.192,14.1568,,20,0.0459,19.6
0.10084,40.01,0.547,6.715,81.6,2.81,2.63,3.0,2.26,22.2,10.16,YES,5.656,13.1824,River,34,0.054329,22.8
0.05302,33.41,0.489,7.079,63.1,3.66,3.38,3.73,2.89,22.2,5.7,YES,7.574,15.2296,,31,0.047723,28.7
0.7857,33.97,0.647,7.014,84.6,2.22,1.86,2.36,2.09,27.0,14.79,NO,6.114,10.2456,River,41,0.057759,30.7
0.08829,37.87,0.524,6.012,66.6,5.87,5.47,5.7,5.2,24.8,12.43,YES,6.958,12.1832,River,41,0.05217,22.9
3.47428,48.1,0.718,8.78,82.9,1.97,1.71,1.92,2.02,19.8,5.29,NO,8.038,12.1752,River,26,0.062173,21.9
0.06076,41.93,0.573,6.976,91.0,2.34,2.06,2.29,1.98,19.0,5.64,NO,5.478,12.1912,,31,0.057572,23.9
0.01301,31.52,0.442,7.241,49.3,7.32,6.96,7.18,6.69,24.5,5.49,YES,6.254,13.2616,,48,0.05244,32.7
1.34284,49.58,0.605,6.066,100.0,1.96,1.54,1.9,1.63,25.3,6.43,NO,8.886,13.1944,River,46,0.055599,24.3
1.6566,49.58,0.871,6.122,97.3,1.65,1.52,1.93,1.37,25.3,14.1,NO,5.53,12.172,River,34,0.083033,21.5
0.05425,34.05,0.51,6.315,73.4,3.35,3.28,3.41,3.24,23.4,6.29,YES,7.092,14.1968,Lake,31,0.047377,24.6
7.67202,48.1,0.693,5.747,98.9,1.73,1.54,1.75,1.52,19.8,19.92,NO,9.27,14.068,,22,0.066237,8.5
0.08308,32.46,0.488,5.604,89.8,3.06,2.84,3.15,2.91,22.2,13.98,YES,9.928,10.2112,Lake,27,0.046676,26.4
0.40202,39.9,0.544,6.382,67.2,3.8,3.35,3.58,3.4,21.6,10.36,NO,5.562,10.1848,,53,0.051489,23.1
0.22489,37.87,0.524,6.377,94.3,6.65,6.31,6.55,5.88,24.8,20.45,NO,6.0,11.12,Lake,29,0.057775,15.0
20.0849,48.1,0.7,4.368,91.2,1.5,1.34,1.48,1.44,19.8,30.63,NO,5.676,14.0704,River,25,0.062557,8.8
0.21161,38.56,0.52,6.137,87.4,2.97,2.42,2.88,2.58,19.1,13.44,YES,6.886,14.1544,,36,0.055407,19.3
0.04462,34.86,0.426,6.619,70.4,5.71,5.11,5.71,5.08,21.0,7.22,YES,5.578,12.1912,Lake,49,0.050033,23.9
0.17505,35.96,0.499,5.966,30.2,4.15,3.66,4.04,3.54,20.8,10.13,YES,8.184,10.1936,River,21,0.048389,24.2
0.24522,39.9,0.544,5.782,71.7,4.13,3.94,4.34,3.73,21.6,15.94,NO,9.796,12.1584,River,50,0.047062,19.8
1.80028,49.58,0.605,5.877,79.2,2.69,2.21,2.58,2.22,25.3,12.14,YES,10.076,10.1904,Lake,22,0.054831,23.8
6.39312,48.1,0.584,6.162,97.4,2.5,2.17,2.5,1.65,19.8,24.1,YES,9.066,11.1064,Lake,27,0.063035,13.3
0.05561,32.24,0.4,7.041,10.0,7.84,7.81,8.11,7.56,25.2,4.74,YES,7.98,11.232,Lake,36,0.041376,29.0
0.05372,43.92,0.437,6.549,51.0,6.22,5.75,6.27,5.61,24.0,7.39,NO,10.442,10.2168,,26,0.045356,27.1
0.03768,31.52,0.404,7.274,38.3,7.53,7.22,7.46,7.03,27.4,6.62,NO,10.192,14.2768,Lake,43,0.041174,34.6
9.82349,48.1,0.671,6.794,98.8,1.57,1.07,1.52,1.27,19.8,21.24,YES,6.066,14.1064,,22,0.069007,13.3
2.15505,49.58,0.871,5.628,100.0,1.82,1.49,1.69,1.06,25.3,16.65,YES,5.612,10.1248,River,32,0.075905,15.6
5.87205,48.1,0.693,6.405,96.0,1.77,1.64,1.8,1.49,19.8,19.37,YES,5.45,11.1,River,24,0.068463,12.5
2.36862,49.58,0.871,4.926,95.7,1.77,1.36,1.66,1.05,25.3,29.53,NO,6.892,11.1168,,24,0.079947,14.6
7.36711,48.1,0.679,6.193,78.1,2.12,1.86,1.99,1.78,19.8,21.52,YES,8.52,12.088,River,45,0.067891,11.0
0.04297,35.32,0.405,6.565,22.9,7.33,6.99,7.45,7.5,23.4,9.51,NO,9.096,14.1984,,60,0.041046,24.8
0.15038,55.65,0.581,5.856,97.0,2.22,1.82,2.07,1.67,20.9,25.41,YES,9.146,10.1384,Lake,51,0.052355,17.3
0.20746,57.74,0.609,5.093,98.0,1.97,1.6,1.95,1.77,19.9,29.68,YES,9.162,10.0648,Lake and River,49,0.062742,8.1
0.11504,32.89,0.445,6.163,69.6,3.58,3.35,3.54,3.51,22.0,11.34,NO,10.228,12.1712,River,21,0.046214,21.4
4.0974,49.58,0.871,5.468,100.0,1.64,1.2,1.58,1.23,25.3,26.42,YES,7.312,13.1248,,25,0.079256,15.6
0.09252,34.93,0.428,6.606,42.2,6.25,6.11,6.41,5.99,23.4,7.37,NO,5.566,15.1864,Lake and River,51,0.041232,23.3
0.09604,36.41,0.447,6.854,42.8,4.28,4.1,4.54,4.15,22.4,2.98,YES,8.84,12.256,River,23,0.038412,32.0
0.12083,32.89,0.445,8.069,76.0,3.7,3.32,3.57,3.39,22.0,4.21,YES,6.274,12.3096,River,53,0.041201,38.7
0.01709,32.02,0.41,6.728,36.1,12.32,11.93,12.32,11.94,23.0,4.5,YES,6.102,12.2408,Lake,40,0.047357,30.1
0.09299,55.65,0.581,5.961,92.9,2.34,1.85,2.27,1.9,20.9,17.93,YES,8.91,10.164,,51,0.060721,20.5
0.10008,32.46,0.488,6.563,95.6,3.04,2.67,2.91,2.76,22.2,5.68,YES,7.35,14.26,Lake,60,0.045047,32.5
0.02177,32.03,0.415,7.61,15.7,6.35,6.09,6.53,6.1,25.3,3.11,NO,10.546,14.3384,Lake and River,30,0.045899,42.3
0.33983,35.86,0.431,6.108,34.9,8.37,7.78,8.38,7.69,20.9,9.16,YES,7.086,11.1944,,25,0.048857,24.3
2.37857,48.1,0.583,5.871,41.9,3.93,3.56,3.77,3.63,19.8,13.34,YES,8.112,12.1648,Lake,31,0.06086,20.6
0.03537,36.09,0.433,6.59,40.4,5.63,5.2,5.5,5.65,23.9,9.5,YES,9.94,12.176,River,21,0.037136,22.0
0.04301,31.91,0.413,5.663,21.9,10.76,10.37,10.76,10.45,18.0,8.05,NO,8.764,12.1456,,34,0.046934,18.2
51.1358,48.1,0.597,5.757,100.0,1.69,1.32,1.58,1.06,19.8,10.11,NO,9.6,11.12,River,52,0.061616,15.0
9.91655,48.1,0.693,5.852,77.8,1.7,1.24,1.72,1.34,19.8,29.97,NO,6.726,14.0504,River,42,0.061264,6.3
0.01965,31.76,0.385,6.23,31.5,9.21,8.92,9.41,8.81,21.8,12.93,YES,8.302,10.1608,,39,0.033292,20.1
0.16902,55.65,0.581,5.986,88.4,2.13,1.85,2.29,1.69,20.9,14.81,YES,8.128,14.1712,Lake,22,0.060717,21.4
0.05479,32.18,0.472,6.616,58.1,3.63,3.05,3.65,3.15,21.6,8.93,NO,6.568,15.2272,,22,0.045315,28.4
0.6147,36.2,0.507,6.618,80.8,3.5,3.2,3.54,2.84,22.6,7.6,YES,9.702,12.2408,River,39,0.049012,30.1
12.0482,48.1,0.614,5.648,87.6,2.13,1.94,2.2,1.54,19.8,14.1,NO,8.916,11.1664,,36,0.058066,20.8
0.11425,43.89,0.55,6.373,92.4,3.65,3.25,3.37,3.19,23.6,10.5,YES,6.16,13.184,,21,0.056016,23.0
0.88125,51.89,0.624,5.637,94.7,2.3,1.88,2.1,1.65,18.8,18.34,YES,7.886,10.1144,Lake,30,0.058061,14.3
8.79212,48.1,0.584,5.565,70.6,2.26,1.99,2.38,1.63,19.8,17.16,NO,7.834,11.0936,,57,0.063779,11.7
0.07886,34.95,0.411,7.148,27.7,5.12,4.97,5.41,4.97,20.8,3.56,YES,8.146,10.2984,,37,0.047461,37.3
0.05023,36.06,0.4379,5.706,28.4,6.67,6.56,6.66,6.67,23.1,12.43,NO,6.742,14.1368,Lake,21,0.052187,17.1
88.9762,48.1,0.671,6.968,91.9,1.66,1.14,1.69,1.18,19.8,17.21,YES,9.408,14.0832,,21,0.066591,10.4
5.82401,48.1,0.532,6.242,64.7,3.48,3.38,3.72,3.11,19.8,10.74,NO,8.56,13.184,River,22,0.046089,23.0
5.20177,48.1,0.77,6.127,83.4,2.96,2.4,2.9,2.63,19.8,11.48,NO,6.354,15.1816,Lake and River,42,0.076655,22.7
0.14103,43.92,0.437,5.79,58.0,6.56,6.3,6.35,6.07,24.0,15.84,YES,7.606,11.1624,,42,0.052079,20.3
0.08199,43.92,0.437,6.009,42.3,5.54,5.47,5.56,5.44,24.0,10.4,NO,8.834,11.1736,Lake,23,0.038579,21.7
6.53876,48.1,0.631,7.016,97.5,1.4,0.92,1.2,1.28,19.8,2.96,YES,10.1,12.4,,46,0.059229,50.0
13.6781,48.1,0.74,5.935,87.9,1.85,1.61,1.87,1.95,19.8,34.02,YES,9.568,14.0672,,57,0.071118,8.4
0.12329,40.01,0.547,5.913,92.9,2.55,2.23,2.56,2.07,22.2,16.21,YES,,15.1504,River,35,0.057644,18.8
0.0578,32.46,0.488,6.98,58.4,3.11,2.55,2.84,2.82,22.2,5.04,NO,9.744,11.2976,Lake,50,0.045501,37.2
2.63548,39.9,0.544,4.973,37.8,2.63,2.28,2.63,2.53,21.6,12.64,NO,7.322,11.1288,River,27,0.056148,16.1
0.02498,31.89,0.518,6.54,59.7,6.46,6.21,6.59,5.81,24.1,8.65,YES,7.33,11.132,River,40,0.056546,16.5
0.05083,35.19,0.515,6.316,38.1,6.76,6.2,6.53,6.34,19.8,5.68,NO,9.144,11.1776,,34,0.049895,22.2
4.83567,48.1,0.583,5.905,53.2,3.36,2.85,3.16,3.23,19.8,11.45,NO,8.412,11.1648,,44,0.062054,20.6
8.20058,48.1,0.713,5.936,80.3,2.86,2.49,2.81,2.96,19.8,16.94,NO,8.87,13.108,,46,0.074872,13.5
0.33147,36.2,0.507,8.247,70.4,3.82,3.49,3.74,3.55,22.6,3.95,YES,9.066,11.3864,,23,0.050359,48.3
0.3692,39.9,0.544,6.567,87.3,3.92,3.31,3.8,3.39,21.6,9.28,YES,9.576,13.1904,Lake,56,0.054381,23.8
2.24236,49.58,0.605,5.854,91.8,2.71,2.39,2.49,2.1,25.3,11.64,YES,8.354,15.1816,Lake,56,0.065833,22.7
0.32264,51.89,0.624,5.942,93.5,2.26,1.84,2.18,1.59,18.8,16.9,NO,10.148,10.1392,River,37,0.062157,17.4
0.04666,31.52,0.404,7.107,36.6,7.64,7.02,7.4,7.18,27.4,8.61,YES,6.906,14.2424,Lake and River,24,0.040063,30.3
0.66351,33.97,0.647,7.333,100.0,2.2,1.74,2.02,1.61,27.0,7.79,YES,8.02,15.288,River,58,0.060093,36.0
0.57529,36.2,0.507,8.337,73.3,4.06,3.82,3.9,3.58,22.6,2.47,YES,6.634,11.3336,River,28,0.057303,41.7
0.17134,40.01,0.547,5.928,88.2,2.56,2.41,2.72,2.16,22.2,15.76,NO,7.566,11.1464,,24,0.053824,18.3
0.06899,55.65,0.581,5.87,69.7,2.4,2.16,2.53,1.94,20.9,14.37,YES,7.84,10.176,River,23,0.056974,22.0
0.07244,31.69,0.411,5.884,18.5,10.83,10.55,10.97,10.5,21.7,7.79,YES,7.372,11.1488,River,50,0.039639,18.6
0.31533,36.2,0.504,8.266,78.3,2.96,2.73,3.13,2.76,22.6,4.14,YES,6.796,12.3584,Lake,47,0.057,44.8
20.7162,48.1,0.659,4.138,100.0,1.46,1.01,1.4,0.84,19.8,23.34,YES,8.538,14.0952,River,53,0.061901,11.9
0.06151,35.19,0.515,5.968,58.5,5.06,4.76,4.97,4.46,19.8,9.29,YES,6.474,13.1496,,20,0.053312,18.7
0.25915,51.89,0.624,5.693,96.0,2.09,1.73,1.84,1.49,18.8,17.19,YES,5.924,15.1296,,31,0.05666,16.2
0.01096,32.25,0.389,6.453,31.9,7.33,7.11,7.48,7.31,24.7,8.23,YES,10.44,14.176,,55,0.034688,22.0
18.0846,48.1,0.679,6.434,100.0,1.88,1.75,1.84,1.87,19.8,29.05,NO,8.644,11.0576,,59,0.058727,7.2
0.13117,38.56,0.52,6.127,85.2,2.35,1.95,2.17,2.02,19.1,14.09,YES,6.008,14.1632,Lake and River,57,0.051697,20.4
18.4982,48.1,0.668,4.138,100.0,1.46,1.04,1.15,0.9,19.8,37.97,NO,7.076,13.1104,Lake,35,0.071139,13.8
7.52601,48.1,0.713,6.417,98.3,2.5,2.11,2.19,1.94,19.8,19.31,YES,8.06,12.104,,27,0.073411,13.0
0.32982,51.89,0.624,5.822,95.4,2.73,2.42,2.53,2.21,18.8,15.03,YES,10.268,10.1472,Lake and River,58,0.06167,18.4
13.5222,48.1,0.631,3.863,100.0,1.53,1.39,1.54,1.57,19.8,13.33,NO,9.962,11.1848,Lake,24,0.055889,23.1
0.12269,36.91,0.448,6.069,40.0,5.81,5.51,5.9,5.67,22.1,9.55,NO,9.024,12.1696,River,53,0.039937,21.2
0.17899,39.69,0.585,5.67,28.8,3.08,2.49,3.07,2.56,20.8,17.6,NO,8.462,14.1848,Lake and River,55,0.055592,23.1
0.03584,33.37,0.398,6.29,17.8,6.62,6.43,6.85,6.55,23.9,4.67,NO,9.47,12.188,River,20,0.037496,23.5
0.01501,31.21,0.401,7.923,24.8,6.15,5.84,5.97,5.58,26.4,3.16,YES,8.7,13.4,Lake,20,0.048895,50.0
0.05735,34.49,0.449,6.63,56.1,4.75,4.15,4.49,4.37,21.5,6.53,NO,9.732,12.2128,River,56,0.052066,26.6
0.1029,34.93,0.428,6.358,52.9,7.11,6.81,7.19,7.03,23.4,11.22,YES,6.044,10.1776,River,42,0.041119,22.2
0.05602,32.46,0.488,7.831,53.6,3.45,3.19,3.51,2.65,22.2,4.45,YES,6.0,13.4,Lake,35,0.045703,50.0
15.8603,48.1,0.679,5.896,95.4,2.15,1.71,1.97,1.81,19.8,24.39,YES,5.566,15.0664,Lake,51,0.067306,8.3
1.42502,49.58,0.871,6.51,100.0,1.84,1.69,1.98,1.56,25.3,7.39,YES,7.166,12.1864,Lake,36,0.076489,23.3
0.09378,37.87,0.524,5.889,39.0,5.76,5.14,5.58,5.33,24.8,15.71,YES,5.534,10.1736,Lake and River,57,0.057423,21.7
0.06417,35.96,0.499,5.933,68.2,3.69,3.27,3.54,2.94,20.8,9.68,YES,9.478,11.1512,River,43,0.052912,18.9
0.77299,38.14,0.538,6.495,94.4,4.57,4.35,4.69,4.21,19.0,12.8,YES,5.968,15.1472,River,35,0.054327,18.4
1.20742,49.58,0.605,5.875,94.6,2.7,2.42,2.72,1.86,25.3,14.43,NO,7.948,11.1392,Lake,28,0.060587,17.4
3.32105,49.58,0.871,5.403,100.0,1.34,1.04,1.64,1.27,25.3,26.82,YES,5.268,13.1072,River,42,0.080678,13.4
9.59571,48.1,0.693,6.404,100.0,1.66,1.36,1.77,1.76,19.8,20.31,NO,5.442,14.0968,River,42,0.068859,12.1
0.02899,31.25,0.429,6.939,34.5,8.88,8.54,8.97,8.79,20.3,5.89,YES,5.632,11.2128,,30,0.039235,26.6
0.40771,36.2,0.507,6.164,91.3,3.31,3.04,3.16,2.68,22.6,21.46,YES,5.734,14.1736,,37,0.057326,21.7
0.12204,32.89,0.445,6.625,57.8,3.57,3.23,3.76,3.42,22.0,6.65,NO,9.968,14.2272,River,46,0.046627,28.4
0.04337,35.64,0.439,6.115,63.0,7.04,6.74,7.08,6.41,23.2,9.43,YES,7.01,11.164,Lake,30,0.04727,20.5
0.11329,34.93,0.428,6.897,54.3,6.49,6.13,6.4,6.32,23.4,11.38,YES,10.24,11.216,,24,0.038641,27.0
15.288,48.1,0.671,6.649,93.3,1.65,1.11,1.37,1.25,19.8,23.24,YES,9.478,15.1112,,26,0.070452,13.9
9.18702,48.1,0.7,5.536,100.0,1.9,1.55,1.72,1.14,19.8,23.6,YES,8.226,11.0904,River,46,0.06065,11.3
0.06642,34.05,0.51,6.86,74.4,3.19,2.75,3.21,2.5,23.4,6.92,NO,5.898,11.2392,,28,0.054717,29.9
0.12744,36.91,0.448,6.77,2.9,5.77,5.72,6.0,5.4,22.1,4.84,NO,7.732,13.2128,Lake and River,30,0.049439,26.6
22.0511,48.1,0.74,5.818,92.4,2.03,1.66,1.96,1.81,19.8,22.11,NO,7.41,12.084,,38,0.075249,10.5
5.29305,48.1,0.7,6.051,82.5,2.17,1.91,2.48,2.12,19.8,18.76,YES,9.664,10.1856,River,53,0.061833,23.2
0.22969,40.59,0.489,6.326,52.5,4.63,4.24,4.47,4.09,21.4,10.97,YES,6.688,11.1952,River,52,0.051028,24.4
0.06129,33.33,0.4429,7.645,49.7,5.46,4.94,5.43,5.01,25.1,3.01,YES,8.72,12.368,Lake,25,0.051141,46.0
0.04819,33.64,0.392,6.108,32.0,9.39,9.01,9.31,9.16,23.6,6.57,NO,6.538,12.1752,River,56,0.036969,21.9
10.8342,48.1,0.679,6.782,90.8,1.9,1.54,2.04,1.8,19.8,25.79,YES,,10.06,River,35,0.064619,7.5
0.06905,32.18,0.458,7.147,54.2,6.16,5.86,6.37,5.86,21.3,5.33,NO,8.824,11.2896,Lake,55,0.039474,36.2
0.01538,33.75,0.394,7.454,34.2,6.66,6.03,6.67,5.98,24.1,3.11,NO,6.68,13.352,River,38,0.042192,44.0
8.24809,48.1,0.713,7.393,99.3,2.77,2.31,2.64,2.09,19.8,16.74,YES,5.956,11.1424,River,42,0.069113,17.8
0.14866,38.56,0.52,6.727,79.9,3.1,2.68,2.81,2.52,19.1,9.42,YES,9.65,15.22,Lake,24,0.046955,27.5
0.38214,36.2,0.504,8.04,86.5,3.49,2.96,3.31,3.1,22.6,3.13,YES,5.952,10.3008,Lake and River,54,0.053116,37.6
10.0623,48.1,0.584,6.833,94.3,2.1,1.89,2.27,2.09,19.8,19.69,YES,6.682,14.1128,Lake,29,0.054611,14.1
0.14052,40.59,0.489,6.375,32.3,4.11,3.92,4.18,3.57,21.4,9.38,YES,7.562,10.2248,,3,0.044019,28.1
12.2472,48.1,0.584,5.837,59.7,2.27,1.67,2.19,1.86,19.8,15.69,NO,9.104,14.0816,,33,0.055708,10.2
2.3139,49.58,0.605,5.88,97.3,2.62,2.36,2.55,2.03,25.3,12.03,NO,9.782,12.1528,River,54,0.057446,19.1
0.08187,32.89,0.445,7.82,36.9,3.54,3.42,3.6,3.43,22.0,3.57,YES,10.876,10.3504,Lake and River,25,0.05113,43.8
0.03615,34.95,0.411,6.63,23.4,5.25,5.04,5.37,4.81,20.8,4.7,NO,8.458,12.2232,River,37,0.038906,27.9
0.19802,40.59,0.489,6.182,42.4,4.15,3.81,3.96,3.87,21.4,9.47,YES,,12.2,Lake,30,0.047925,25.0
0.17171,35.13,0.453,5.966,93.4,6.84,6.67,7.08,6.69,20.3,14.44,NO,6.22,15.128,River,48,0.038611,16.0
0.22927,36.91,0.448,6.03,85.5,5.83,5.64,5.75,5.54,22.1,18.8,YES,5.332,12.1328,River,44,0.052566,16.6
1.38799,38.14,0.538,5.95,82.0,4.01,3.86,4.31,3.79,19.0,27.71,NO,8.764,14.1056,River,25,0.053285,13.2
0.57834,33.97,0.575,8.297,67.0,2.6,2.13,2.43,2.52,27.0,7.44,YES,8.0,15.4,,42,0.063235,50.0
0.24103,37.38,0.493,6.083,43.7,5.59,5.38,5.48,5.21,20.4,12.79,NO,9.044,15.1776,,27,0.05083,22.2
0.01778,31.47,0.403,7.135,13.9,7.79,7.63,7.97,7.22,23.0,4.45,NO,5.958,10.2632,Lake,22,0.046478,32.9
5.44114,48.1,0.713,6.655,98.2,2.51,2.23,2.65,2.03,19.8,17.73,YES,8.104,11.1216,,41,0.061386,15.2
0.95577,38.14,0.538,6.047,88.8,4.5,4.4,4.6,4.31,19.0,17.28,YES,8.696,13.1184,Lake,20,0.048746,14.8
8.64476,48.1,0.693,6.193,92.6,1.89,1.66,2.09,1.53,19.8,15.17,NO,9.076,14.1104,River,55,0.062731,13.8
0.537,36.2,0.504,5.981,68.1,3.97,3.38,3.88,3.47,22.6,11.65,NO,8.286,10.1944,,59,0.046602,24.3
0.54011,33.97,0.647,7.203,81.8,2.12,1.95,2.37,2.01,27.0,9.59,YES,,11.2704,Lake,21,0.068041,33.8
0.0459,35.32,0.405,6.315,45.6,7.63,7.04,7.46,7.14,23.4,7.6,NO,5.846,12.1784,River,22,0.034847,22.3
1.83377,49.58,0.605,7.802,98.2,2.26,1.76,2.11,2.04,25.3,1.92,YES,8.4,12.4,Lake,22,0.055682,50.0
9.33889,48.1,0.679,6.38,95.6,1.98,1.69,2.13,2.07,19.8,24.08,YES,8.79,12.076,,52,0.064037,9.5
0.2498,51.89,0.624,5.857,98.2,1.89,1.41,1.84,1.53,18.8,21.32,NO,8.066,14.1064,River,39,0.059285,13.3
0.11027,35.13,0.453,6.456,67.8,7.55,7.08,7.43,6.84,20.3,6.73,YES,5.844,10.1776,,56,0.043332,22.2
0.55778,51.89,0.624,6.335,98.2,2.22,2.07,2.32,1.83,18.8,16.96,YES,7.862,11.1448,River,37,0.066297,18.1
0.32543,51.89,0.624,6.431,98.8,1.96,1.61,1.92,1.77,18.8,15.39,NO,8.16,14.144,,41,0.056365,18.0
5.73116,48.1,0.532,7.061,77.0,3.67,3.33,3.46,3.18,19.8,7.01,NO,5.5,11.2,Lake,29,0.058384,25.0
0.21124,37.87,0.524,5.631,100.0,6.18,5.85,6.3,6.0,24.8,29.93,YES,5.93,12.132,,55,0.056302,16.5
0.30347,37.38,0.493,6.312,28.9,5.47,5.09,5.71,5.4,20.4,6.15,YES,7.06,12.184,River,36,0.048494,23.0
13.0751,48.1,0.58,5.713,56.7,3.02,2.59,3.12,2.57,19.8,14.76,NO,6.302,13.1608,,27,0.051188,20.1
0.01951,31.38,0.4161,7.104,59.5,9.44,9.09,9.37,8.99,21.4,8.05,YES,8.26,10.264,Lake and River,30,0.038989,33.0
0.04417,32.24,0.4,6.871,47.4,8.09,7.68,7.89,7.65,25.2,6.07,YES,9.096,11.1984,River,29,0.04286,24.8
0.63796,38.14,0.538,6.096,84.5,4.6,4.2,4.48,4.58,19.0,10.26,NO,6.964,13.1456,,49,0.059882,18.2
2.44668,49.58,0.871,5.272,94.0,1.99,1.71,1.85,1.39,25.3,16.14,NO,6.362,10.1048,River,60,0.074885,13.1
0.03359,32.95,0.428,7.024,15.8,5.63,5.31,5.53,5.14,21.7,1.98,YES,6.198,15.2792,River,20,0.042762,34.9
17.8667,48.1,0.671,6.223,100.0,1.48,1.13,1.48,1.46,19.8,21.78,NO,7.904,11.0816,Lake and River,46,0.058067,10.2
3.1636,48.1,0.655,5.759,48.2,3.26,2.81,3.27,2.92,19.8,14.13,NO,9.998,12.1592,,43,0.06598,19.9
11.9511,48.1,0.659,5.608,100.0,1.46,1.08,1.39,1.22,19.8,12.13,YES,6.658,13.2232,River,26,0.067195,27.9
0.0456,43.89,0.55,5.888,56.0,3.44,2.97,3.43,2.61,23.6,13.51,YES,5.466,12.1864,Lake and River,22,0.061621,23.3
0.21038,33.33,0.4429,6.812,32.2,4.35,3.92,4.22,3.91,25.1,4.85,NO,9.602,12.2808,Lake,26,0.05126,35.1
9.39063,48.1,0.74,5.627,93.9,1.87,1.72,2.01,1.67,19.8,22.88,YES,8.456,15.1024,,50,0.073013,12.8
0.10959,41.93,0.573,6.794,89.3,2.54,2.31,2.4,2.31,19.0,6.48,YES,7.94,15.176,,47,0.060694,22.0
0.03041,35.19,0.515,5.895,59.6,5.86,5.49,5.68,5.43,19.8,10.56,YES,8.27,12.148,River,21,0.056682,18.5
0.52058,36.2,0.507,6.631,76.5,4.46,3.9,4.2,4.03,22.6,9.54,YES,9.402,15.2008,Lake and River,36,0.046361,25.1
0.25199,40.59,0.489,5.783,72.7,4.64,4.25,4.6,3.92,21.4,18.06,YES,7.95,10.18,,38,0.051891,22.5
0.21719,40.59,0.489,5.807,53.8,3.66,3.58,3.8,3.57,21.4,16.03,YES,6.848,13.1792,River,20,0.052656,22.4
0.12932,43.92,0.437,6.678,31.1,6.2,5.73,6.07,5.84,24.0,6.27,YES,6.972,10.2288,River,44,0.042031,28.6
6.65492,48.1,0.713,6.317,83.0,3.04,2.43,2.8,2.67,19.8,13.99,NO,5.89,15.156,River,22,0.070733,19.5
0.21409,35.86,0.431,6.438,8.9,7.43,7.18,7.41,7.57,20.9,3.59,NO,10.296,12.1984,Lake,50,0.046856,24.8
0.27957,39.69,0.585,5.926,42.6,2.55,2.14,2.39,2.44,20.8,13.59,YES,8.79,11.196,River,47,0.054577,24.5
7.83932,48.1,0.655,6.209,65.4,3.16,2.88,3.1,2.72,19.8,13.22,NO,7.828,11.1712,Lake and River,55,0.057674,21.4
0.1,36.09,0.433,6.982,17.7,5.81,5.36,5.51,5.29,23.9,4.86,NO,8.262,14.2648,,34,0.051095,33.1
0.06211,31.25,0.429,6.49,44.4,9.0,8.63,9.11,8.43,20.3,5.98,NO,7.258,15.1832,River,55,0.038898,22.9
0.09065,36.96,0.464,5.92,61.5,4.22,3.63,3.97,3.85,21.4,13.65,NO,10.414,14.1656,Lake and River,29,0.052333,20.7
0.03445,32.03,0.415,6.162,38.4,6.4,6.07,6.4,6.22,25.3,7.43,YES,7.782,12.1928,River,32,0.041438,24.1
1.46336,49.58,0.605,7.489,90.8,2.17,1.89,2.13,1.69,25.3,1.73,YES,10.5,11.4,,35,0.053897,50.0
0.15936,36.91,0.448,6.211,6.5,6.04,5.66,5.84,5.34,22.1,7.44,YES,6.094,15.1976,River,56,0.044819,24.7
0.07013,43.89,0.55,6.642,85.1,3.52,3.19,3.69,3.28,23.6,9.69,NO,9.274,14.2296,,23,0.048611,28.7
14.2362,48.1,0.693,6.343,100.0,1.76,1.34,1.81,1.39,19.8,20.32,YES,7.344,10.0576,,50,0.070291,7.2
0.09068,33.44,0.437,6.951,21.5,6.54,6.36,6.71,6.31,24.8,5.1,NO,6.16,11.264,,55,0.050923,33.0
0.3494,39.9,0.544,5.972,76.7,3.4,2.91,3.28,2.82,21.6,9.97,YES,10.106,11.1624,,51,0.056731,20.3
0.65665,33.97,0.647,6.842,100.0,2.2,1.82,2.32,1.71,27.0,6.9,YES,7.302,11.2408,River,40,0.059896,30.1
0.13262,38.56,0.52,5.851,96.7,2.19,1.95,2.13,2.15,19.1,16.47,YES,7.89,13.156,,57,0.051421,19.5
0.04981,35.64,0.439,5.998,21.4,6.89,6.52,6.87,6.98,23.2,8.43,NO,9.168,11.1872,River,41,0.041561,23.4
8.15174,48.1,0.7,5.39,98.9,2.0,1.5,1.95,1.47,19.8,20.85,NO,6.03,12.092,Lake and River,51,0.061502,11.5
0.02731,37.07,0.469,6.421,78.9,4.99,4.7,5.12,5.06,22.2,9.14,NO,7.332,12.1728,Lake,42,0.046146,21.6
6.28807,48.1,0.74,6.341,96.4,2.23,2.04,2.22,1.79,19.8,17.79,NO,10.198,15.1192,,41,0.07066,14.9
0.15086,57.74,0.609,5.454,92.7,2.1,1.57,1.96,1.65,19.9,18.06,NO,6.004,14.1216,,28,0.060476,15.2
0.21977,36.91,0.448,5.602,62.0,6.11,5.9,6.3,6.04,22.1,16.2,NO,5.988,13.1552,Lake and River,45,0.05061,19.4
11.8123,48.1,0.718,6.824,76.5,2.05,1.79,2.08,1.25,19.8,22.74,NO,5.968,13.0672,,26,0.063264,8.4
0.04113,34.86,0.426,6.727,33.5,5.5,5.28,5.4,5.42,21.0,5.29,YES,6.46,14.224,Lake,54,0.037354,28.0
0.13642,40.59,0.489,5.891,22.3,4.24,3.62,4.11,3.82,21.4,10.87,YES,7.952,15.1808,River,26,0.056222,22.6
1.61282,38.14,0.538,6.096,96.9,4.07,3.66,3.87,3.44,19.0,20.34,YES,9.67,11.108,,40,0.049603,13.5
8.49213,48.1,0.584,6.348,86.1,2.28,1.79,2.16,1.99,19.8,17.64,NO,9.09,11.116,River,53,0.06363,14.5
0.82526,33.97,0.647,7.327,94.5,2.41,2.02,2.21,1.68,27.0,11.25,YES,5.72,11.248,,60,0.055457,31.0
37.6619,48.1,0.679,6.202,78.7,2.07,1.66,2.12,1.6,19.8,14.52,NO,7.518,11.0872,Lake,42,0.066287,10.9
3.69695,48.1,0.718,4.963,91.4,2.08,1.55,1.86,1.51,19.8,14.0,NO,10.238,14.1752,Lake,58,0.075654,21.9
0.03932,33.41,0.489,6.405,73.9,3.16,2.95,3.41,2.85,22.2,8.2,NO,8.24,13.176,River,23,0.045096,22.0
0.05497,35.19,0.515,5.985,45.4,4.89,4.64,5.05,4.67,19.8,9.74,NO,6.38,11.152,Lake,28,0.0477,19.0
14.3337,48.1,0.614,6.229,88.0,2.27,1.82,2.08,1.63,19.8,13.11,NO,6.128,10.1712,River,32,0.063158,21.4
0.0536,35.64,0.439,6.511,21.1,7.02,6.76,7.12,6.37,23.2,5.28,NO,9.9,14.2,River,56,0.046152,25.0
0.03113,34.39,0.442,6.014,48.5,8.24,7.91,8.23,7.67,21.2,10.53,YES,7.15,13.14,Lake,26,0.050677,17.5
0.55007,33.97,0.647,7.206,91.6,1.96,1.91,2.22,1.63,27.0,8.1,YES,8.53,14.292,River,36,0.058799,36.5
0.10612,34.93,0.428,6.095,65.1,6.43,6.08,6.63,6.2,23.4,12.4,NO,8.302,13.1608,,41,0.039668,20.1
0.62976,38.14,0.538,5.949,61.8,4.72,4.59,4.93,4.59,19.0,8.26,YES,5.908,14.1632,,39,0.053464,20.4
0.25356,39.9,0.544,5.705,77.7,4.02,3.8,4.11,3.85,21.6,11.5,NO,6.724,12.1296,River,58,0.055818,16.2
0.0566,33.41,0.489,7.007,86.3,3.5,3.09,3.44,3.65,22.2,5.5,NO,6.972,10.1888,River,28,0.045548,23.6
22.5971,48.1,0.7,5.0,89.5,1.79,1.48,1.77,1.04,19.8,31.99,NO,8.348,15.0592,Lake and River,54,0.061627,7.4
0.22188,36.96,0.464,7.691,51.8,4.53,4.1,4.48,4.36,21.4,6.58,YES,6.004,10.2816,River,39,0.042437,35.2
2.01019,49.58,0.605,7.929,96.2,2.11,1.91,2.31,1.86,25.3,3.7,YES,8.3,15.4,River,37,0.052105,50.0
0.06617,33.24,0.46,5.868,25.8,5.42,5.06,5.47,4.92,23.1,9.97,YES,9.986,10.1544,Lake,35,0.039431,19.3
0.23912,39.69,0.585,6.019,65.3,2.68,2.25,2.58,2.12,20.8,12.92,YES,5.824,14.1696,River,32,0.054546,21.2
0.97617,51.89,0.624,5.757,98.4,2.35,2.28,2.53,2.23,18.8,17.31,NO,9.012,11.1248,Lake and River,32,0.064571,15.6
0.07503,32.18,0.472,7.42,71.9,3.31,2.92,3.28,2.89,21.6,6.47,YES,10.668,12.2672,River,23,0.050503,33.4
5.69175,48.1,0.583,6.114,79.8,3.55,3.34,3.76,3.53,19.8,14.98,YES,8.582,12.1528,,57,0.059506,19.1
0.47547,39.9,0.544,6.113,58.8,4.07,3.86,4.24,3.84,21.6,12.73,NO,10.32,12.168,Lake and River,36,0.054128,21.0
0.12757,34.93,0.428,6.393,7.8,7.06,6.97,7.13,6.99,23.4,5.19,YES,7.374,15.1896,River,26,0.048029,23.7
0.0136,34.0,0.41,5.888,47.6,7.4,7.27,7.6,7.0,18.9,14.8,YES,8.678,15.1512,,55,0.038684,18.9
4.22239,48.1,0.77,5.803,89.0,1.98,1.7,1.97,1.97,19.8,14.64,YES,9.736,15.1344,Lake and River,57,0.080285,16.8
0.08873,35.64,0.439,5.963,45.7,7.08,6.55,7.0,6.63,23.2,13.45,YES,,11.1576,River,21,0.040389,19.7
3.69311,48.1,0.713,6.376,88.4,2.82,2.23,2.59,2.62,19.8,14.65,YES,9.854,13.1416,,24,0.062929,17.7
0.08447,34.05,0.51,5.859,68.7,2.84,2.7,3.03,2.24,23.4,9.64,YES,9.752,15.1808,River,35,0.052972,22.6
10.6718,48.1,0.74,6.459,94.8,2.2,1.7,2.01,2.04,19.8,23.98,YES,5.336,12.0944,River,28,0.076181,11.8
0.0837,33.44,0.437,7.185,38.9,4.83,4.43,4.68,4.33,24.8,5.39,NO,9.298,14.2792,River,20,0.046379,34.9
0.04527,41.93,0.573,6.12,76.7,2.44,2.11,2.46,2.14,19.0,9.08,YES,6.612,13.1648,Lake and River,20,0.059903,20.6
5.82115,48.1,0.713,6.513,89.9,3.06,2.61,2.84,2.7,19.8,10.29,YES,8.804,15.1616,,30,0.075168,20.2
0.07875,33.44,0.437,6.782,41.1,3.81,3.7,3.87,3.77,24.8,6.68,YES,7.84,13.256,River,23,0.042225,32.0
2.44953,49.58,0.605,6.402,95.2,2.3,2.12,2.33,2.3,25.3,11.32,NO,5.546,15.1784,Lake and River,22,0.053556,22.3
0.15445,35.13,0.453,6.145,29.2,7.98,7.77,8.07,7.44,20.3,6.86,NO,7.866,14.1864,,22,0.043784,23.3
0.25387,36.91,0.448,5.399,95.3,5.98,5.68,5.96,5.86,22.1,30.81,NO,7.088,14.1152,,34,0.042666,14.4
0.03049,33.78,0.484,6.874,28.1,6.71,6.18,6.67,6.3,22.4,4.61,NO,10.624,11.2496,River,23,0.046383,31.2
0.33045,36.2,0.507,6.086,61.5,3.91,3.39,3.81,3.49,22.6,10.88,YES,9.18,14.192,,57,0.052493,24.0
0.08221,35.86,0.431,6.957,6.8,9.18,8.85,9.1,8.49,20.9,3.53,NO,8.992,12.2368,Lake and River,57,0.039526,29.6
0.85204,38.14,0.538,5.965,89.2,4.11,3.72,4.34,3.88,19.0,13.83,YES,9.192,14.1568,,23,0.054041,19.6
0.26938,39.9,0.544,6.266,82.8,3.38,2.98,3.41,3.28,21.6,7.9,YES,8.832,14.1728,,33,0.054245,21.6
6.80117,48.1,0.713,6.081,84.4,2.74,2.48,2.8,2.85,19.8,14.7,YES,5.4,14.16,Lake,27,0.072636,20.0
1.27346,49.58,0.605,6.25,92.6,1.86,1.52,1.88,1.94,25.3,5.5,YES,8.44,12.216,Lake,23,0.051891,27.0
0.10469,36.41,0.447,7.267,49.0,4.94,4.68,4.97,4.56,22.4,6.05,NO,8.564,11.2656,Lake,35,0.042342,33.2
9.96654,48.1,0.74,6.485,100.0,2.29,1.8,2.2,1.62,19.8,18.85,NO,6.608,14.1232,River,21,0.06695,15.4
0.06911,33.44,0.437,6.739,30.8,6.71,6.42,6.74,6.05,24.8,4.69,NO,8.81,11.244,,40,0.038316,30.5
16.8118,48.1,0.7,5.277,98.1,1.46,1.23,1.62,1.4,19.8,30.81,NO,10.144,13.0576,Lake and River,36,0.059991,7.2
0.08265,43.92,0.437,6.127,18.4,5.76,5.39,5.67,5.2,24.0,8.58,YES,7.278,14.1912,River,46,0.048464,23.9
28.6558,48.1,0.597,5.155,100.0,1.84,1.37,1.61,1.53,19.8,20.08,NO,6.626,14.1304,River,58,0.0558,16.3
0.02543,33.78,0.484,6.696,56.4,6.03,5.62,5.84,5.44,22.4,7.18,YES,8.978,15.1912,Lake and River,52,0.047872,23.9
0.61154,33.97,0.647,8.704,86.9,2.09,1.53,1.83,1.76,27.0,5.12,YES,8.6,11.4,River,54,0.055193,50.0
0.49298,39.9,0.544,6.635,82.5,3.57,3.24,3.41,3.05,21.6,4.54,NO,7.156,11.1824,River,31,0.058076,22.8
2.73397,49.58,0.871,5.597,94.9,1.76,1.22,1.59,1.52,25.3,21.45,NO,10.108,15.1232,,48,0.075895,15.4
0.34006,51.89,0.624,6.458,98.9,2.37,1.93,2.36,1.81,18.8,12.6,YES,8.984,13.1536,,25,0.066273,19.2
1.49632,49.58,0.871,5.404,100.0,1.86,1.46,1.77,1.27,25.3,13.28,NO,6.492,11.1568,River,42,0.075319,19.6
4.26131,48.1,0.77,6.112,81.3,2.78,2.38,2.56,2.31,19.8,12.67,NO,,14.1808,Lake,26,0.074239,22.6
0.0686,32.89,0.445,7.416,62.5,3.83,3.36,3.67,3.13,22.0,6.19,NO,6.564,13.2656,River,31,0.050934,33.2
8.26725,48.1,0.668,5.875,89.6,1.13,1.01,1.25,1.12,19.8,8.88,YES,10.8,12.4,,57,0.064479,50.0
0.07151,34.49,0.449,6.121,56.8,3.93,3.74,3.84,3.48,21.5,8.44,YES,7.244,12.1776,,43,0.050999,22.2
7.75223,48.1,0.713,6.301,83.7,3.1,2.57,2.82,2.65,19.8,16.23,NO,5.598,15.1192,River,39,0.064939,14.9
0.04544,33.24,0.46,6.144,32.2,6.02,5.55,5.9,6.03,23.1,9.09,NO,9.396,11.1584,River,26,0.043031,19.8
0.28955,40.59,0.489,5.412,9.8,3.68,3.48,3.67,3.53,21.4,29.55,YES,5.674,11.1896,,21,0.056118,23.7
3.77498,48.1,0.655,5.952,84.7,3.13,2.54,3.08,2.74,19.8,17.15,YES,8.38,10.152,,21,0.057143,19.0
0.07165,55.65,0.581,6.004,84.1,2.44,1.96,2.37,2.02,20.9,14.27,YES,9.706,10.1624,Lake and River,39,0.056766,20.3
0.04741,41.93,0.573,6.03,80.8,2.72,2.24,2.64,2.42,19.0,7.88,YES,10.28,10.152,,45,0.060336,19.0
1.25179,38.14,0.538,5.57,98.1,3.93,3.59,4.09,3.58,19.0,21.02,YES,8.272,15.1088,Lake and River,44,0.048318,13.6
0.12579,33.44,0.437,6.556,29.1,4.62,4.28,4.68,4.69,24.8,4.56,YES,7.596,10.2384,River,40,0.045949,29.8
0.15876,40.81,0.413,5.961,17.5,5.44,5.2,5.42,5.09,20.8,9.88,NO,10.034,13.1736,Lake and River,46,0.039985,21.7
0.1712,38.56,0.52,5.836,91.9,2.37,2.07,2.48,1.92,19.1,18.66,YES,10.29,14.156,Lake,20,0.04817,19.5
0.29916,36.96,0.464,5.856,42.1,4.66,4.21,4.51,4.34,21.4,13.0,YES,6.222,15.1688,,27,0.046563,21.1
0.01501,32.01,0.435,6.635,29.7,8.62,8.18,8.54,8.03,23.0,5.99,YES,6.29,13.196,,45,0.048924,24.5
11.1604,48.1,0.74,6.629,94.6,2.15,1.97,2.14,2.24,19.8,23.27,NO,10.168,12.1072,Lake and River,46,0.076801,13.4
0.22876,38.56,0.52,6.405,85.4,3.03,2.55,2.73,2.55,19.1,10.63,NO,6.772,13.1488,Lake and River,57,0.054341,18.6
